name,category,geography,unit,gwp,ap,ep,wu,fe,mr,search_in_openlca,why_it_is_needed
Platinum,Metals,ZA,kg,,,,,,,"platinum","Fuel cell and electrolyser catalyst. The value hotspot."
Iridium,Metals,ZA,kg,,,,,,,"iridium OR platinum group metal","Electrolyser anode catalyst. Often missing: use a PGM proxy and record it."
Titanium,Metals,GLO,kg,,,,,,,"titanium","Electrolyser bipolar plates and porous transport layer."
Steel chromium 18/8,Metals,RER,kg,,,,,,,"steel, chromium steel 18/8, hot rolled","Stack end plates."
Steel low-alloyed,Metals,RER,kg,,,,,,,"steel, low-alloyed, hot rolled","Tie rods and fasteners."
Copper,Metals,GLO,kg,,,,,,,"copper, cathode OR market for copper","Current collectors and wiring."
Aluminium,Metals,RER,kg,,,,,,,"aluminium, wrought alloy","Casings, tank liners, heat exchangers."
Nickel,Metals,GLO,kg,,,,,,,"nickel, class 1","Alkaline electrolyser electrodes."
Graphite,Minerals,GLO,kg,,,,,,,"graphite, battery grade","Fuel cell bipolar plates."
Carbon fibre,Polymers,RER,kg,,,,,,,"carbon fibre reinforced plastic OR carbon fibre","Type III and IV storage tanks. Manufacturing hotspot."
PTFE or PFSA proxy,Polymers,RER,kg,,,,,,,"tetrafluoroethylene","Membrane. No PFSA dataset exists: this is the usual proxy."
Polypropylene,Polymers,RER,kg,,,,,,,"polypropylene, granulate","Plate binder, housings."
Synthetic rubber,Polymers,RER,kg,,,,,,,"synthetic rubber","Gaskets and seals."
Carbon black,Chemicals,GLO,kg,,,,,,,"carbon black","Catalyst support."
Sodium hydroxide,Chemicals,RER,kg,,,,,,,"sodium hydroxide, without water, in 50% solution state","Alkaline electrolyte and recycling step."
Hydrochloric acid,Chemicals,RER,kg,,,,,,,"hydrochloric acid, without water, in 30% solution state","Hydrometallurgical leaching."
Hydrogen peroxide,Chemicals,RER,kg,,,,,,,"hydrogen peroxide, without water, in 50% solution state","Hydrometallurgical leaching."
Electricity DE grid,Energy,DE,kWh,,,,,,,"market for electricity, medium voltage","German grid mix. The dominant variable."
Electricity EU grid,Energy,RER,kWh,,,,,,,"market group for electricity, medium voltage","European grid mix for comparison."
Electricity wind onshore,Energy,RER,kWh,,,,,,,"electricity production, wind, 1-3MW turbine, onshore","Renewable case."
Electricity photovoltaic,Energy,RER,kWh,,,,,,,"electricity production, photovoltaic","Solar case, relevant to the Ghana study."
Electricity hard coal,Energy,GLO,kWh,,,,,,,"electricity production, hard coal","Worst case, to bracket the range."
Heat natural gas,Energy,RER,MJ,,,,,,,"heat production, natural gas, at industrial furnace","Process heat."
Transport lorry,Transport,RER,tkm,,,,,,,"transport, freight, lorry >32 metric ton","Road freight."
Transport ship,Transport,GLO,tkm,,,,,,,"transport, freight, sea, container ship","Import leg from Europe."
Deionised water,Water,RER,kg,,,,,,,"water, deionised","Electrolyser feedwater."
Municipal incineration,Waste,RER,kg,,,,,,,"treatment of municipal solid waste, incineration","End-of-life route for the membrane."
Landfill inert,Waste,RER,kg,,,,,,,"treatment of inert waste, sanitary landfill","End-of-life route for carbon parts."
